source,destination
,FME_NULL_VALUE
FME_NULL_VALUE,FME_NULL_VALUE
abbeville,Abbeville
acadia parish,Acadia Parish
accomack,Accomack
ada,Ada
adair,Adair
adams,Adams
addison,Addison
adjuntas municipio,Adjuntas Municipio
aguada municipio,Aguada Municipio
aguadilla municipio,Aguadilla Municipio
aguas buenas municipio,Aguas Buenas Municipio
aibonito municipio,Aibonito Municipio
aiken,Aiken
aitkin,Aitkin
alachua,Alachua
alamance,Alamance
alameda,Alameda
alamosa,Alamosa
albany,Albany
albemarle,Albemarle
alcona,Alcona
alcorn,Alcorn
aleutians east borough,Aleutians East Borough
aleutians west census area,Aleutians West Census Area
alexander,Alexander
alexandria city,Alexandria city
alfalfa,Alfalfa
alger,Alger
allamakee,Allamakee
allegan,Allegan
allegany,Allegany
alleghany,Alleghany
allegheny,Allegheny
allen,Allen
allen parish,Allen Parish
allendale,Allendale
alpena,Alpena
alpine,Alpine
amador,Amador
amelia,Amelia
amherst,Amherst
amite,Amite
anasco municipio,Anasco Municipio
anchorage municipality,Anchorage Municipality
anderson,Anderson
andrew,Andrew
andrews,Andrews
androscoggin,Androscoggin
angelina,Angelina
anne arundel,Anne Arundel
anoka,Anoka
anson,Anson
antelope,Antelope
antrim,Antrim
apache,Apache
appanoose,Appanoose
appling,Appling
appomattox,Appomattox
aransas,Aransas
arapahoe,Arapahoe
archer,Archer
archuleta,Archuleta
arecibo municipio,Arecibo Municipio
arenac,Arenac
arkansas,Arkansas
arlington,Arlington
armstrong,Armstrong
aroostook,Aroostook
arroyo municipio,Arroyo Municipio
arthur,Arthur
ascension parish,Ascension Parish
ashe,Ashe
ashland,Ashland
ashley,Ashley
ashtabula,Ashtabula
asotin,Asotin
assumption parish,Assumption Parish
atascosa,Atascosa
atchison,Atchison
athens,Athens
atkinson,Atkinson
atlantic,Atlantic
atoka,Atoka
attala,Attala
audrain,Audrain
audubon,Audubon
auglaize,Auglaize
augusta,Augusta
aurora,Aurora
austin,Austin
autauga,Autauga
avery,Avery
avoyelles parish,Avoyelles Parish
baca,Baca
bacon,Bacon
bailey,Bailey
baker,Baker
baldwin,Baldwin
ballard,Ballard
baltimore,Baltimore
baltimore city,Baltimore city
bamberg,Bamberg
bandera,Bandera
banks,Banks
banner,Banner
bannock,Bannock
baraga,Baraga
barber,Barber
barbour,Barbour
barceloneta municipio,Barceloneta Municipio
barnes,Barnes
barnstable,Barnstable
barnwell,Barnwell
barranquitas municipio,Barranquitas Municipio
barren,Barren
barron,Barron
barrow,Barrow
barry,Barry
bartholomew,Bartholomew
barton,Barton
bartow,Bartow
bastrop,Bastrop
bates,Bates
bath,Bath
baxter,Baxter
bay,Bay
bayamon municipio,Bayamon Municipio
bayfield,Bayfield
baylor,Baylor
beadle,Beadle
bear lake,Bear Lake
beaufort,Beaufort
beauregard parish,Beauregard Parish
beaver,Beaver
beaverhead,Beaverhead
becker,Becker
beckham,Beckham
bedford,Bedford
bedford city,Bedford city
bee,Bee
belknap,Belknap
bell,Bell
belmont,Belmont
beltrami,Beltrami
ben hill,Ben Hill
benewah,Benewah
bennett,Bennett
bennington,Bennington
benson,Benson
bent,Bent
benton,Benton
benzie,Benzie
bergen,Bergen
berkeley,Berkeley
berks,Berks
berkshire,Berkshire
bernalillo,Bernalillo
berrien,Berrien
bertie,Bertie
bethel census area,Bethel Census Area
bexar,Bexar
bibb,Bibb
bienville parish,Bienville Parish
big horn,Big Horn
big stone,Big Stone
billings,Billings
bingham,Bingham
black hawk,Black Hawk
blackford,Blackford
bladen,Bladen
blaine,Blaine
blair,Blair
blanco,Blanco
bland,Bland
bleckley,Bleckley
bledsoe,Bledsoe
blount,Blount
blue earth,Blue Earth
boise,Boise
bolivar,Bolivar
bollinger,Bollinger
bon homme,Bon Homme
bond,Bond
bonner,Bonner
bonneville,Bonneville
boone,Boone
borden,Borden
bosque,Bosque
bossier parish,Bossier Parish
botetourt,Botetourt
bottineau,Bottineau
boulder,Boulder
boundary,Boundary
bourbon,Bourbon
bowie,Bowie
bowman,Bowman
box butte,Box Butte
box elder,Box Elder
boyd,Boyd
boyle,Boyle
bracken,Bracken
bradford,Bradford
bradley,Bradley
branch,Branch
brantley,Brantley
braxton,Braxton
brazoria,Brazoria
brazos,Brazos
breathitt,Breathitt
breckinridge,Breckinridge
bremer,Bremer
brevard,Brevard
brewster,Brewster
briscoe,Briscoe
bristol,Bristol
bristol bay borough,Bristol Bay Borough
bristol city,Bristol city
broadwater,Broadwater
bronx,Bronx
brooke,Brooke
brookings,Brookings
brooks,Brooks
broome,Broome
broomfield,Broomfield
broward,Broward
brown,Brown
brule,Brule
brunswick,Brunswick
bryan,Bryan
buchanan,Buchanan
buckingham,Buckingham
bucks,Bucks
buena vista,Buena Vista
buena vista city,Buena Vista city
buffalo,Buffalo
bullitt,Bullitt
bulloch,Bulloch
bullock,Bullock
buncombe,Buncombe
bureau,Bureau
burke,Burke
burleigh,Burleigh
burleson,Burleson
burlington,Burlington
burnet,Burnet
burnett,Burnett
burt,Burt
butler,Butler
butte,Butte
butts,Butts
cabarrus,Cabarrus
cabell,Cabell
cabo rojo municipio,Cabo Rojo Municipio
cache,Cache
caddo,Caddo
caddo parish,Caddo Parish
caguas municipio,Caguas Municipio
calaveras,Calaveras
calcasieu parish,Calcasieu Parish
caldwell,Caldwell
caldwell parish,Caldwell Parish
caledonia,Caledonia
calhoun,Calhoun
callahan,Callahan
callaway,Callaway
calloway,Calloway
calumet,Calumet
calvert,Calvert
camas,Camas
cambria,Cambria
camden,Camden
cameron,Cameron
cameron parish,Cameron Parish
camp,Camp
campbell,Campbell
camuy municipio,Camuy Municipio
canadian,Canadian
candler,Candler
cannon,Cannon
canovanas municipio,Canovanas Municipio
canyon,Canyon
cape girardeau,Cape Girardeau
cape may,Cape May
carbon,Carbon
caribou,Caribou
carlisle,Carlisle
carlton,Carlton
carolina municipio,Carolina Municipio
caroline,Caroline
carroll,Carroll
carson,Carson
carson city,Carson City
carter,Carter
carteret,Carteret
carver,Carver
cascade,Cascade
casey,Casey
cass,Cass
cassia,Cassia
castro,Castro
caswell,Caswell
catahoula parish,Catahoula Parish
catano municipio,Catano Municipio
catawba,Catawba
catoosa,Catoosa
catron,Catron
cattaraugus,Cattaraugus
cavalier,Cavalier
cayey municipio,Cayey Municipio
cayuga,Cayuga
cecil,Cecil
cedar,Cedar
ceiba municipio,Ceiba Municipio
centre,Centre
cerro gordo,Cerro Gordo
chaffee,Chaffee
chambers,Chambers
champaign,Champaign
chariton,Chariton
charles,Charles
charles city,Charles City
charles mix,Charles Mix
charleston,Charleston
charlevoix,Charlevoix
charlotte,Charlotte
charlottesville city,Charlottesville city
charlton,Charlton
chase,Chase
chatham,Chatham
chattahoochee,Chattahoochee
chattooga,Chattooga
chautauqua,Chautauqua
chaves,Chaves
cheatham,Cheatham
cheboygan,Cheboygan
chelan,Chelan
chemung,Chemung
chenango,Chenango
cherokee,Cherokee
cherry,Cherry
chesapeake city,Chesapeake city
cheshire,Cheshire
chester,Chester
chesterfield,Chesterfield
cheyenne,Cheyenne
chickasaw,Chickasaw
chicot,Chicot
childress,Childress
chilton,Chilton
chippewa,Chippewa
chisago,Chisago
chittenden,Chittenden
choctaw,Choctaw
chouteau,Chouteau
chowan,Chowan
christian,Christian
churchill,Churchill
ciales municipio,Ciales Municipio
cibola,Cibola
cidra municipio,Cidra Municipio
cimarron,Cimarron
citrus,Citrus
clackamas,Clackamas
claiborne,Claiborne
claiborne parish,Claiborne Parish
clallam,Clallam
clare,Clare
clarendon,Clarendon
clarion,Clarion
clark,Clark
clarke,Clarke
clatsop,Clatsop
clay,Clay
clayton,Clayton
clear creek,Clear Creek
clearfield,Clearfield
clearwater,Clearwater
cleburne,Cleburne
clermont,Clermont
cleveland,Cleveland
clinch,Clinch
clinton,Clinton
cloud,Cloud
coahoma,Coahoma
coal,Coal
coamo municipio,Coamo Municipio
cobb,Cobb
cochise,Cochise
cochran,Cochran
cocke,Cocke
coconino,Coconino
codington,Codington
coffee,Coffee
coffey,Coffey
coke,Coke
colbert,Colbert
cole,Cole
coleman,Coleman
coles,Coles
colfax,Colfax
colleton,Colleton
collier,Collier
collin,Collin
collingsworth,Collingsworth
colonial heights city,Colonial Heights city
colorado,Colorado
colquitt,Colquitt
columbia,Columbia
columbiana,Columbiana
columbus,Columbus
colusa,Colusa
comal,Comal
comanche,Comanche
comerio municipio,Comerio Municipio
concho,Concho
concordia parish,Concordia Parish
conecuh,Conecuh
conejos,Conejos
contra costa,Contra Costa
converse,Converse
conway,Conway
cook,Cook
cooke,Cooke
cooper,Cooper
coos,Coos
coosa,Coosa
copiah,Copiah
corozal municipio,Corozal Municipio
corson,Corson
cortland,Cortland
coryell,Coryell
coshocton,Coshocton
costilla,Costilla
cottle,Cottle
cotton,Cotton
cottonwood,Cottonwood
covington,Covington
covington city,Covington city
coweta,Coweta
cowley,Cowley
cowlitz,Cowlitz
craig,Craig
craighead,Craighead
crane,Crane
craven,Craven
crawford,Crawford
creek,Creek
crenshaw,Crenshaw
crisp,Crisp
crittenden,Crittenden
crockett,Crockett
crook,Crook
crosby,Crosby
cross,Cross
crow wing,Crow Wing
crowley,Crowley
culberson,Culberson
culebra municipio,Culebra Municipio
cullman,Cullman
culpeper,Culpeper
cumberland,Cumberland
cuming,Cuming
currituck,Currituck
curry,Curry
custer,Custer
cuyahoga,Cuyahoga
dade,Dade
daggett,Daggett
dakota,Dakota
dale,Dale
dallam,Dallam
dallas,Dallas
dane,Dane
daniels,Daniels
danville city,Danville city
dare,Dare
darke,Darke
darlington,Darlington
dauphin,Dauphin
davidson,Davidson
davie,Davie
daviess,Daviess
davis,Davis
davison,Davison
dawes,Dawes
dawson,Dawson
day,Day
de baca,De Baca
de soto parish,De Soto Parish
de witt,De Witt
deaf smith,Deaf Smith
dearborn,Dearborn
decatur,Decatur
deer lodge,Deer Lodge
defiance,Defiance
dekalb,DeKalb
del norte,Del Norte
delaware,Delaware
delta,Delta
denali borough,Denali Borough
dent,Dent
denton,Denton
denver,Denver
des moines,Des Moines
deschutes,Deschutes
desha,Desha
desoto,DeSoto
deuel,Deuel
dewey,Dewey
dewitt,DeWitt
dickens,Dickens
dickenson,Dickenson
dickey,Dickey
dickinson,Dickinson
dickson,Dickson
dillingham census area,Dillingham Census Area
dillon,Dillon
dimmit,Dimmit
dinwiddie,Dinwiddie
district of columbia,District of Columbia
divide,Divide
dixie,Dixie
dixon,Dixon
doddridge,Doddridge
dodge,Dodge
dolores,Dolores
dona ana,Dona Ana
doniphan,Doniphan
donley,Donley
dooly,Dooly
door,Door
dorado municipio,Dorado Municipio
dorchester,Dorchester
dougherty,Dougherty
douglas,Douglas
drew,Drew
dubois,Dubois
dubuque,Dubuque
duchesne,Duchesne
dukes,Dukes
dundy,Dundy
dunklin,Dunklin
dunn,Dunn
dupage,DuPage
duplin,Duplin
durham,Durham
dutchess,Dutchess
duval,Duval
dyer,Dyer
eagle,Eagle
early,Early
east baton rouge parish,East Baton Rouge Parish
east carroll parish,East Carroll Parish
east feliciana parish,East Feliciana Parish
eastern district,Eastern District
eastland,Eastland
eaton,Eaton
eau claire,Eau Claire
echols,Echols
ector,Ector
eddy,Eddy
edgar,Edgar
edgecombe,Edgecombe
edgefield,Edgefield
edmonson,Edmonson
edmunds,Edmunds
edwards,Edwards
effingham,Effingham
el dorado,El Dorado
el paso,El Paso
elbert,Elbert
elk,Elk
elkhart,Elkhart
elko,Elko
elliott,Elliott
ellis,Ellis
ellsworth,Ellsworth
elmore,Elmore
emanuel,Emanuel
emery,Emery
emmet,Emmet
emmons,Emmons
emporia city,Emporia city
erath,Erath
erie,Erie
escambia,Escambia
esmeralda,Esmeralda
essex,Essex
estill,Estill
etowah,Etowah
eureka,Eureka
evangeline parish,Evangeline Parish
evans,Evans
fairbanks north star borough,Fairbanks North Star Borough
fairfax,Fairfax
fairfax city,Fairfax city
fairfield,Fairfield
fajardo municipio,Fajardo Municipio
fall river,Fall River
fallon,Fallon
falls,Falls
falls church city,Falls Church city
fannin,Fannin
faribault,Faribault
faulk,Faulk
faulkner,Faulkner
fauquier,Fauquier
fayette,Fayette
fentress,Fentress
fergus,Fergus
ferry,Ferry
fillmore,Fillmore
finney,Finney
fisher,Fisher
flagler,Flagler
flathead,Flathead
fleming,Fleming
florence,Florence
florida municipio,Florida Municipio
floyd,Floyd
fluvanna,Fluvanna
foard,Foard
fond du lac,Fond du Lac
ford,Ford
forest,Forest
forrest,Forrest
forsyth,Forsyth
fort bend,Fort Bend
foster,Foster
fountain,Fountain
franklin,Franklin
franklin city,Franklin city
franklin parish,Franklin Parish
frederick,Frederick
fredericksburg city,Fredericksburg city
freeborn,Freeborn
freestone,Freestone
fremont,Fremont
fresno,Fresno
frio,Frio
frontier,Frontier
fulton,Fulton
furnas,Furnas
gadsden,Gadsden
gage,Gage
gaines,Gaines
galax city,Galax city
gallatin,Gallatin
gallia,Gallia
galveston,Galveston
garden,Garden
garfield,Garfield
garland,Garland
garrard,Garrard
garrett,Garrett
garvin,Garvin
garza,Garza
gasconade,Gasconade
gaston,Gaston
gates,Gates
geary,Geary
geauga,Geauga
gem,Gem
genesee,Genesee
geneva,Geneva
gentry,Gentry
george,George
georgetown,Georgetown
gibson,Gibson
gila,Gila
gilchrist,Gilchrist
giles,Giles
gillespie,Gillespie
gilliam,Gilliam
gilmer,Gilmer
gilpin,Gilpin
glacier,Glacier
glades,Glades
gladwin,Gladwin
glascock,Glascock
glasscock,Glasscock
glenn,Glenn
gloucester,Gloucester
glynn,Glynn
gogebic,Gogebic
golden valley,Golden Valley
goliad,Goliad
gonzales,Gonzales
goochland,Goochland
goodhue,Goodhue
gooding,Gooding
gordon,Gordon
goshen,Goshen
gosper,Gosper
gove,Gove
grady,Grady
grafton,Grafton
graham,Graham
grainger,Grainger
grand,Grand
grand forks,Grand Forks
grand isle,Grand Isle
grand traverse,Grand Traverse
granite,Granite
grant,Grant
grant parish,Grant Parish
granville,Granville
gratiot,Gratiot
graves,Graves
gray,Gray
grays harbor,Grays Harbor
grayson,Grayson
greeley,Greeley
green,Green
green lake,Green Lake
greenbrier,Greenbrier
greene,Greene
greenlee,Greenlee
greensville,Greensville
greenup,Greenup
greenville,Greenville
greenwood,Greenwood
greer,Greer
gregg,Gregg
gregory,Gregory
grenada,Grenada
griggs,Griggs
grimes,Grimes
grundy,Grundy
guadalupe,Guadalupe
guam,Guam
guanica municipio,Guanica Municipio
guayama municipio,Guayama Municipio
guayanilla municipio,Guayanilla Municipio
guaynabo municipio,Guaynabo Municipio
guernsey,Guernsey
guilford,Guilford
gulf,Gulf
gunnison,Gunnison
gurabo municipio,Gurabo Municipio
guthrie,Guthrie
gwinnett,Gwinnett
haakon,Haakon
habersham,Habersham
haines borough,Haines Borough
hale,Hale
halifax,Halifax
hall,Hall
hamblen,Hamblen
hamilton,Hamilton
hamlin,Hamlin
hampden,Hampden
hampshire,Hampshire
hampton,Hampton
hampton city,Hampton city
hancock,Hancock
hand,Hand
hanover,Hanover
hansford,Hansford
hanson,Hanson
haralson,Haralson
hardee,Hardee
hardeman,Hardeman
hardin,Hardin
harding,Harding
hardy,Hardy
harford,Harford
harlan,Harlan
harmon,Harmon
harnett,Harnett
harney,Harney
harper,Harper
harris,Harris
harrison,Harrison
harrisonburg city,Harrisonburg city
hart,Hart
hartford,Hartford
hartley,Hartley
harvey,Harvey
haskell,Haskell
hatillo municipio,Hatillo Municipio
hawaii,Hawaii
hawkins,Hawkins
hayes,Hayes
hays,Hays
haywood,Haywood
heard,Heard
hemphill,Hemphill
hempstead,Hempstead
henderson,Henderson
hendricks,Hendricks
hendry,Hendry
hennepin,Hennepin
henrico,Henrico
henry,Henry
herkimer,Herkimer
hernando,Hernando
hertford,Hertford
hettinger,Hettinger
hickman,Hickman
hickory,Hickory
hidalgo,Hidalgo
highland,Highland
highlands,Highlands
hill,Hill
hillsborough,Hillsborough
hillsdale,Hillsdale
hinds,Hinds
hinsdale,Hinsdale
hitchcock,Hitchcock
hocking,Hocking
hockley,Hockley
hodgeman,Hodgeman
hoke,Hoke
holmes,Holmes
holt,Holt
honolulu,Honolulu
hood,Hood
hood river,Hood River
hooker,Hooker
hoonah-angoon census area,Hoonah-Angoon Census Area
hopewell city,Hopewell city
hopkins,Hopkins
hormigueros municipio,Hormigueros Municipio
horry,Horry
hot spring,Hot Spring
hot springs,Hot Springs
houghton,Houghton
houston,Houston
howard,Howard
howell,Howell
hubbard,Hubbard
hudson,Hudson
hudspeth,Hudspeth
huerfano,Huerfano
hughes,Hughes
humacao municipio,Humacao Municipio
humboldt,Humboldt
humphreys,Humphreys
hunt,Hunt
hunterdon,Hunterdon
huntingdon,Huntingdon
huntington,Huntington
huron,Huron
hutchinson,Hutchinson
hyde,Hyde
iberia parish,Iberia Parish
iberville parish,Iberville Parish
ida,Ida
idaho,Idaho
imperial,Imperial
independence,Independence
indian river,Indian River
indiana,Indiana
ingham,Ingham
inyo,Inyo
ionia,Ionia
iosco,Iosco
iowa,Iowa
iredell,Iredell
irion,Irion
iron,Iron
iroquois,Iroquois
irwin,Irwin
isabela municipio,Isabela Municipio
isabella,Isabella
isanti,Isanti
island,Island
isle of wight,Isle of Wight
issaquena,Issaquena
itasca,Itasca
itawamba,Itawamba
izard,Izard
jack,Jack
jackson,Jackson
jackson parish,Jackson Parish
james city,James City
jasper,Jasper
jay,Jay
jayuya municipio,Jayuya Municipio
jeff davis,Jeff Davis
jefferson,Jefferson
jefferson davis,Jefferson Davis
jefferson davis parish,Jefferson Davis Parish
jefferson parish,Jefferson Parish
jenkins,Jenkins
jennings,Jennings
jerauld,Jerauld
jerome,Jerome
jersey,Jersey
jessamine,Jessamine
jewell,Jewell
jim hogg,Jim Hogg
jim wells,Jim Wells
jo daviess,Jo Daviess
johnson,Johnson
johnston,Johnston
jones,Jones
josephine,Josephine
juab,Juab
juana diaz municipio,Juana Diaz Municipio
judith basin,Judith Basin
juncos municipio,Juncos Municipio
juneau,Juneau
juneau city and borough,Juneau City and Borough
juniata,Juniata
kalamazoo,Kalamazoo
kalawao,Kalawao
kalkaska,Kalkaska
kanabec,Kanabec
kanawha,Kanawha
kandiyohi,Kandiyohi
kane,Kane
kankakee,Kankakee
karnes,Karnes
kauai,Kauai
kaufman,Kaufman
kay,Kay
kearney,Kearney
kearny,Kearny
keith,Keith
kemper,Kemper
kenai peninsula borough,Kenai Peninsula Borough
kendall,Kendall
kenedy,Kenedy
kennebec,Kennebec
kenosha,Kenosha
kent,Kent
kenton,Kenton
keokuk,Keokuk
kern,Kern
kerr,Kerr
kershaw,Kershaw
ketchikan gateway borough,Ketchikan Gateway Borough
kewaunee,Kewaunee
keweenaw,Keweenaw
keya paha,Keya Paha
kidder,Kidder
kimball,Kimball
kimble,Kimble
king,King
king and queen,King and Queen
king george,King George
king william,King William
kingfisher,Kingfisher
kingman,Kingman
kings,Kings
kingsbury,Kingsbury
kinney,Kinney
kiowa,Kiowa
kit carson,Kit Carson
kitsap,Kitsap
kittitas,Kittitas
kittson,Kittson
klamath,Klamath
kleberg,Kleberg
klickitat,Klickitat
knott,Knott
knox,Knox
kodiak island borough,Kodiak Island Borough
koochiching,Koochiching
kootenai,Kootenai
kosciusko,Kosciusko
kossuth,Kossuth
la crosse,La Crosse
la paz,La Paz
la plata,La Plata
la salle,La Salle
la salle parish,La Salle Parish
labette,Labette
lac qui parle,Lac qui Parle
lackawanna,Lackawanna
laclede,Laclede
lafayette,Lafayette
lafayette parish,Lafayette Parish
lafourche parish,Lafourche Parish
lagrange,LaGrange
lajas municipio,Lajas Municipio
lake,Lake
lake and peninsula borough,Lake and Peninsula Borough
lake of the woods,Lake of the Woods
lamar,Lamar
lamb,Lamb
lamoille,Lamoille
lamoure,LaMoure
lampasas,Lampasas
lancaster,Lancaster
lander,Lander
lane,Lane
langlade,Langlade
lanier,Lanier
lapeer,Lapeer
laporte,LaPorte
laramie,Laramie
lares municipio,Lares Municipio
larimer,Larimer
larue,Larue
las animas,Las Animas
las marias municipio,Las Marias Municipio
las piedras municipio,Las Piedras Municipio
lasalle,LaSalle
lassen,Lassen
latah,Latah
latimer,Latimer
lauderdale,Lauderdale
laurel,Laurel
laurens,Laurens
lavaca,Lavaca
lawrence,Lawrence
le flore,Le Flore
le sueur,Le Sueur
lea,Lea
leake,Leake
leavenworth,Leavenworth
lebanon,Lebanon
lee,Lee
leelanau,Leelanau
leflore,Leflore
lehigh,Lehigh
lemhi,Lemhi
lenawee,Lenawee
lenoir,Lenoir
leon,Leon
leslie,Leslie
letcher,Letcher
levy,Levy
lewis,Lewis
lewis and clark,Lewis and Clark
lexington,Lexington
lexington city,Lexington city
liberty,Liberty
licking,Licking
limestone,Limestone
lincoln,Lincoln
lincoln parish,Lincoln Parish
linn,Linn
lipscomb,Lipscomb
litchfield,Litchfield
little river,Little River
live oak,Live Oak
livingston,Livingston
livingston parish,Livingston Parish
llano,Llano
logan,Logan
loiza municipio,Loiza Municipio
long,Long
lonoke,Lonoke
lorain,Lorain
los alamos,Los Alamos
los angeles,Los Angeles
loudon,Loudon
loudoun,Loudoun
louisa,Louisa
loup,Loup
love,Love
loving,Loving
lowndes,Lowndes
lubbock,Lubbock
lucas,Lucas
luce,Luce
lumpkin,Lumpkin
luna,Luna
lunenburg,Lunenburg
luquillo municipio,Luquillo Municipio
luzerne,Luzerne
lycoming,Lycoming
lyman,Lyman
lynchburg city,Lynchburg city
lynn,Lynn
lyon,Lyon
mackinac,Mackinac
macomb,Macomb
macon,Macon
macoupin,Macoupin
madera,Madera
madison,Madison
madison parish,Madison Parish
magoffin,Magoffin
mahaska,Mahaska
mahnomen,Mahnomen
mahoning,Mahoning
major,Major
malheur,Malheur
manassas city,Manassas city
manassas park city,Manassas Park city
manatee,Manatee
manati municipio,Manati Municipio
manhattan,New York
manistee,Manistee
manitowoc,Manitowoc
manu'a district,Manu'a District
marathon,Marathon
marengo,Marengo
maricao municipio,Maricao Municipio
maricopa,Maricopa
maries,Maries
marin,Marin
marinette,Marinette
marion,Marion
mariposa,Mariposa
marlboro,Marlboro
marquette,Marquette
marshall,Marshall
martin,Martin
martinsville city,Martinsville city
mason,Mason
massac,Massac
matagorda,Matagorda
matanuska-susitna borough,Matanuska-Susitna Borough
mathews,Mathews
maui,Maui
maunabo municipio,Maunabo Municipio
maury,Maury
maverick,Maverick
mayaguez municipio,Mayaguez Municipio
mayes,Mayes
mcclain,McClain
mccone,McCone
mccook,McCook
mccormick,McCormick
mccracken,McCracken
mccreary,McCreary
mcculloch,McCulloch
mccurtain,McCurtain
mcdonald,McDonald
mcdonough,McDonough
mcdowell,McDowell
mcduffie,McDuffie
mchenry,McHenry
mcintosh,McIntosh
mckean,McKean
mckenzie,McKenzie
mckinley,McKinley
mclean,McLean
mclennan,McLennan
mcleod,McLeod
mcminn,McMinn
mcmullen,McMullen
mcnairy,McNairy
mcpherson,McPherson
meade,Meade
meagher,Meagher
mecklenburg,Mecklenburg
mecosta,Mecosta
medina,Medina
meeker,Meeker
meigs,Meigs
mellette,Mellette
menard,Menard
mendocino,Mendocino
menifee,Menifee
menominee,Menominee
merced,Merced
mercer,Mercer
meriwether,Meriwether
merrick,Merrick
merrimack,Merrimack
mesa,Mesa
metcalfe,Metcalfe
miami,Miami
miami-dade,Miami-Dade
middlesex,Middlesex
midland,Midland
midway islands,Midway Islands
mifflin,Mifflin
milam,Milam
millard,Millard
mille lacs,Mille Lacs
miller,Miller
mills,Mills
milwaukee,Milwaukee
miner,Miner
mineral,Mineral
mingo,Mingo
minidoka,Minidoka
minnehaha,Minnehaha
missaukee,Missaukee
mississippi,Mississippi
missoula,Missoula
mitchell,Mitchell
mobile,Mobile
moca municipio,Moca Municipio
modoc,Modoc
moffat,Moffat
mohave,Mohave
moniteau,Moniteau
monmouth,Monmouth
mono,Mono
monona,Monona
monongalia,Monongalia
monroe,Monroe
montague,Montague
montcalm,Montcalm
monterey,Monterey
montezuma,Montezuma
montgomery,Montgomery
montmorency,Montmorency
montour,Montour
montrose,Montrose
moody,Moody
moore,Moore
mora,Mora
morehouse parish,Morehouse Parish
morgan,Morgan
morovis municipio,Morovis Municipio
morrill,Morrill
morris,Morris
morrison,Morrison
morrow,Morrow
morton,Morton
motley,Motley
moultrie,Moultrie
mountrail,Mountrail
mower,Mower
muhlenberg,Muhlenberg
multnomah,Multnomah
murray,Murray
muscatine,Muscatine
muscogee,Muscogee
muskegon,Muskegon
muskingum,Muskingum
muskogee,Muskogee
musselshell,Musselshell
nacogdoches,Nacogdoches
naguabo municipio,Naguabo Municipio
nance,Nance
nantucket,Nantucket
napa,Napa
naranjito municipio,Naranjito Municipio
nash,Nash
nassau,Nassau
natchitoches parish,Natchitoches Parish
natrona,Natrona
navajo,Navajo
navarro,Navarro
nelson,Nelson
nemaha,Nemaha
neosho,Neosho
neshoba,Neshoba
ness,Ness
nevada,Nevada
new castle,New Castle
new hanover,New Hanover
new haven,New Haven
new kent,New Kent
new london,New London
new madrid,New Madrid
new york,New York
newaygo,Newaygo
newberry,Newberry
newport,Newport
newport news city,Newport News city
newton,Newton
nez perce,Nez Perce
niagara,Niagara
nicholas,Nicholas
nicollet,Nicollet
niobrara,Niobrara
noble,Noble
nobles,Nobles
nodaway,Nodaway
nolan,Nolan
nome census area,Nome Census Area
norfolk,Norfolk
norfolk city,Norfolk city
norman,Norman
north slope borough,North Slope Borough
northampton,Northampton
northern islands municipality,Northern Islands Municipality
northumberland,Northumberland
northwest arctic borough,Northwest Arctic Borough
norton,Norton
norton city,Norton city
nottoway,Nottoway
nowata,Nowata
noxubee,Noxubee
nuckolls,Nuckolls
nueces,Nueces
nye,Nye
oakland,Oakland
obion,Obion
o'brien,O'Brien
ocean,Ocean
oceana,Oceana
ochiltree,Ochiltree
oconee,Oconee
oconto,Oconto
ogemaw,Ogemaw
ogle,Ogle
oglethorpe,Oglethorpe
ohio,Ohio
okaloosa,Okaloosa
okanogan,Okanogan
okeechobee,Okeechobee
okfuskee,Okfuskee
oklahoma,Oklahoma
okmulgee,Okmulgee
oktibbeha,Oktibbeha
oldham,Oldham
oliver,Oliver
olmsted,Olmsted
oneida,Oneida
onondaga,Onondaga
onslow,Onslow
ontario,Ontario
ontonagon,Ontonagon
orange,Orange
orangeburg,Orangeburg
oregon,Oregon
orleans,Orleans
orleans parish,Orleans Parish
orocovis municipio,Orocovis Municipio
osage,Osage
osborne,Osborne
osceola,Osceola
oscoda,Oscoda
oswego,Oswego
otero,Otero
otoe,Otoe
otsego,Otsego
ottawa,Ottawa
otter tail,Otter Tail
ouachita,Ouachita
ouachita parish,Ouachita Parish
ouray,Ouray
outagamie,Outagamie
overton,Overton
owen,Owen
owsley,Owsley
owyhee,Owyhee
oxford,Oxford
ozark,Ozark
ozaukee,Ozaukee
pacific,Pacific
page,Page
palm beach,Palm Beach
palo alto,Palo Alto
palo pinto,Palo Pinto
pamlico,Pamlico
panola,Panola
park,Park
parke,Parke
parker,Parker
parmer,Parmer
pasco,Pasco
pasquotank,Pasquotank
passaic,Passaic
patillas municipio,Patillas Municipio
patrick,Patrick
paulding,Paulding
pawnee,Pawnee
payette,Payette
payne,Payne
peach,Peach
pearl river,Pearl River
pecos,Pecos
pembina,Pembina
pemiscot,Pemiscot
pend oreille,Pend Oreille
pender,Pender
pendleton,Pendleton
pennington,Pennington
penobscot,Penobscot
penuelas municipio,Penuelas Municipio
peoria,Peoria
pepin,Pepin
perkins,Perkins
perquimans,Perquimans
perry,Perry
pershing,Pershing
person,Person
petersburg census area,Petersburg Census Area
petersburg city,Petersburg city
petroleum,Petroleum
pettis,Pettis
phelps,Phelps
philadelphia,Philadelphia
phillips,Phillips
piatt,Piatt
pickaway,Pickaway
pickens,Pickens
pickett,Pickett
pierce,Pierce
pike,Pike
pima,Pima
pinal,Pinal
pine,Pine
pinellas,Pinellas
pipestone,Pipestone
piscataquis,Piscataquis
pitkin,Pitkin
pitt,Pitt
pittsburg,Pittsburg
pittsylvania,Pittsylvania
piute,Piute
placer,Placer
plaquemines parish,Plaquemines Parish
platte,Platte
pleasants,Pleasants
plumas,Plumas
plymouth,Plymouth
pocahontas,Pocahontas
poinsett,Poinsett
pointe coupee parish,Pointe Coupee Parish
polk,Polk
ponce municipio,Ponce Municipio
pondera,Pondera
pontotoc,Pontotoc
pope,Pope
poquoson city,Poquoson city
portage,Portage
porter,Porter
portsmouth city,Portsmouth city
posey,Posey
pottawatomie,Pottawatomie
pottawattamie,Pottawattamie
potter,Potter
powder river,Powder River
powell,Powell
power,Power
poweshiek,Poweshiek
powhatan,Powhatan
prairie,Prairie
pratt,Pratt
preble,Preble
prentiss,Prentiss
presidio,Presidio
presque isle,Presque Isle
preston,Preston
price,Price
prince edward,Prince Edward
prince george,Prince George
prince george's,Prince George's
prince of wales-hyder census area,Prince of Wales-Hyder Census Area
prince william,Prince William
providence,Providence
prowers,Prowers
pueblo,Pueblo
pulaski,Pulaski
pushmataha,Pushmataha
putnam,Putnam
quay,Quay
quebradillas municipio,Quebradillas Municipio
queen anne's,Queen Anne's
queens,Queens
quitman,Quitman
rabun,Rabun
racine,Racine
radford city,Radford city
rains,Rains
raleigh,Raleigh
ralls,Ralls
ramsey,Ramsey
randall,Randall
randolph,Randolph
rankin,Rankin
ransom,Ransom
rapides parish,Rapides Parish
rappahannock,Rappahannock
ravalli,Ravalli
rawlins,Rawlins
ray,Ray
reagan,Reagan
real,Real
red lake,Red Lake
red river,Red River
red river parish,Red River Parish
red willow,Red Willow
redwood,Redwood
reeves,Reeves
refugio,Refugio
reno,Reno
rensselaer,Rensselaer
renville,Renville
republic,Republic
reynolds,Reynolds
rhea,Rhea
rice,Rice
rich,Rich
richardson,Richardson
richland,Richland
richland parish,Richland Parish
richmond,Richmond
richmond city,Richmond city
riley,Riley
rincon municipio,Rincon Municipio
ringgold,Ringgold
rio arriba,Rio Arriba
rio blanco,Rio Blanco
rio grande,Rio Grande
rio grande municipio,Rio Grande Municipio
ripley,Ripley
ritchie,Ritchie
riverside,Riverside
roane,Roane
roanoke,Roanoke
roanoke city,Roanoke city
roberts,Roberts
robertson,Robertson
robeson,Robeson
rock,Rock
rock island,Rock Island
rockbridge,Rockbridge
rockcastle,Rockcastle
rockdale,Rockdale
rockingham,Rockingham
rockland,Rockland
rockwall,Rockwall
roger mills,Roger Mills
rogers,Rogers
rolette,Rolette
rooks,Rooks
roosevelt,Roosevelt
roscommon,Roscommon
rose island,Rose Island
roseau,Roseau
rosebud,Rosebud
ross,Ross
rota municipality,Rota Municipality
routt,Routt
rowan,Rowan
runnels,Runnels
rush,Rush
rusk,Rusk
russell,Russell
rutherford,Rutherford
rutland,Rutland
sabana grande municipio,Sabana Grande Municipio
sabine,Sabine
sabine parish,Sabine Parish
sac,Sac
sacramento,Sacramento
sagadahoc,Sagadahoc
saginaw,Saginaw
saguache,Saguache
saipan municipality,Saipan Municipality
salem,Salem
salem city,Salem city
salinas municipio,Salinas Municipio
saline,Saline
salt lake,Salt Lake
saluda,Saluda
sampson,Sampson
san augustine,San Augustine
san benito,San Benito
san bernardino,San Bernardino
san diego,San Diego
san francisco,San Francisco
san german municipio,San German Municipio
san jacinto,San Jacinto
san joaquin,San Joaquin
san juan,San Juan
san juan municipio,San Juan Municipio
san lorenzo municipio,San Lorenzo Municipio
san luis obispo,San Luis Obispo
san mateo,San Mateo
san miguel,San Miguel
san patricio,San Patricio
san saba,San Saba
san sebastian municipio,San Sebastian Municipio
sanborn,Sanborn
sanders,Sanders
sandoval,Sandoval
sandusky,Sandusky
sangamon,Sangamon
sanilac,Sanilac
sanpete,Sanpete
santa barbara,Santa Barbara
santa clara,Santa Clara
santa cruz,Santa Cruz
santa fe,Santa Fe
santa isabel municipio,Santa Isabel Municipio
santa rosa,Santa Rosa
sarasota,Sarasota
saratoga,Saratoga
sargent,Sargent
sarpy,Sarpy
sauk,Sauk
saunders,Saunders
sawyer,Sawyer
schenectady,Schenectady
schleicher,Schleicher
schley,Schley
schoharie,Schoharie
schoolcraft,Schoolcraft
schuyler,Schuyler
schuylkill,Schuylkill
scioto,Scioto
scotland,Scotland
scott,Scott
scotts bluff,Scotts Bluff
screven,Screven
scurry,Scurry
searcy,Searcy
sebastian,Sebastian
sedgwick,Sedgwick
seminole,Seminole
seneca,Seneca
sequatchie,Sequatchie
sequoyah,Sequoyah
sevier,Sevier
seward,Seward
shackelford,Shackelford
shannon,Shannon
sharkey,Sharkey
sharp,Sharp
shasta,Shasta
shawano,Shawano
shawnee,Shawnee
sheboygan,Sheboygan
shelby,Shelby
shenandoah,Shenandoah
sherburne,Sherburne
sheridan,Sheridan
sherman,Sherman
shiawassee,Shiawassee
shoshone,Shoshone
sibley,Sibley
sierra,Sierra
silver bow,Silver Bow
simpson,Simpson
sioux,Sioux
siskiyou,Siskiyou
sitka city and borough,Sitka City and Borough
skagit,Skagit
skagway municipality,Skagway Municipality
skamania,Skamania
slope,Slope
smith,Smith
smyth,Smyth
snohomish,Snohomish
snyder,Snyder
socorro,Socorro
solano,Solano
somerset,Somerset
somervell,Somervell
sonoma,Sonoma
southampton,Southampton
southeast fairbanks census area,Southeast Fairbanks Census Area
spalding,Spalding
spartanburg,Spartanburg
spencer,Spencer
spink,Spink
spokane,Spokane
spotsylvania,Spotsylvania
st. bernard parish,St. Bernard Parish
st bernard parish,St. Bernard Parish
st. charles,St. Charles
st charles,St. Charles
st. charles parish,St. Charles Parish
st charles parish,St. Charles Parish
st. clair,St. Clair
st clair,St. Clair
st. croix,St. Croix
st croix,St. Croix
st. croix island,St. Croix Island
st croix island,St. Croix Island
st. francis,St. Francis
st francis,St. Francis
st. francois,St. Francois
st francois,St. Francois
st. helena parish,St. Helena Parish
st helena parish,St. Helena Parish
st. james parish,St. James Parish
st james parish,St. James Parish
st. john island,St. John Island
st john island,St. John Island
st. john the baptist parish,St. John the BaptiSt. Parish
st john the baptist parish,St. John the BaptiSt. Parish
st. johns,St. Johns
st johns,St. Johns
st. joseph,St. Joseph
st joseph,St. Joseph
st. landry parish,St. Landry Parish
st landry parish,St. Landry Parish
st. lawrence,St. Lawrence
st lawrence,St. Lawrence
st. louis,St. Louis
st louis,St. Louis
st. louis city,St. Louis city
st louis city,St. Louis city
st. lucie,St. Lucie
st lucie,St. Lucie
st. martin parish,St. Martin Parish
st martin parish,St. Martin Parish
st. mary parish,St. Mary Parish
st mary parish,St. Mary Parish
st. mary's,St. Mary's
st mary's,St. Mary's
st. tammany parish,St. Tammany Parish
st tammany parish,St. Tammany Parish
st. thomas island,St. Thomas Island
st thomas island,St. Thomas Island
stafford,Stafford
stanislaus,Stanislaus
stanley,Stanley
stanly,Stanly
stanton,Stanton
stark,Stark
starke,Starke
starr,Starr
staunton city,Staunton city
ste. genevieve,Ste. Genevieve
ste genevieve,Ste. Genevieve
stearns,Stearns
steele,Steele
stephens,Stephens
stephenson,Stephenson
sterling,Sterling
steuben,Steuben
stevens,Stevens
stewart,Stewart
stillwater,Stillwater
stoddard,Stoddard
stokes,Stokes
stone,Stone
stonewall,Stonewall
storey,Storey
story,Story
strafford,Strafford
stutsman,Stutsman
sublette,Sublette
suffolk,Suffolk
suffolk city,Suffolk city
sullivan,Sullivan
sully,Sully
summers,Summers
summit,Summit
sumner,Sumner
sumter,Sumter
sunflower,Sunflower
surry,Surry
susquehanna,Susquehanna
sussex,Sussex
sutter,Sutter
sutton,Sutton
suwannee,Suwannee
swain,Swain
swains island,Swains Island
sweet grass,Sweet Grass
sweetwater,Sweetwater
swift,Swift
swisher,Swisher
switzerland,Switzerland
talbot,Talbot
taliaferro,Taliaferro
talladega,Talladega
tallahatchie,Tallahatchie
tallapoosa,Tallapoosa
tama,Tama
taney,Taney
tangipahoa parish,Tangipahoa Parish
taos,Taos
tarrant,Tarrant
tate,Tate
tattnall,Tattnall
taylor,Taylor
tazewell,Tazewell
tehama,Tehama
telfair,Telfair
teller,Teller
tensas parish,Tensas Parish
terrebonne parish,Terrebonne Parish
terrell,Terrell
terry,Terry
teton,Teton
texas,Texas
thayer,Thayer
thomas,Thomas
throckmorton,Throckmorton
thurston,Thurston
tift,Tift
tillamook,Tillamook
tillman,Tillman
tinian municipality,Tinian Municipality
tioga,Tioga
tippah,Tippah
tippecanoe,Tippecanoe
tipton,Tipton
tishomingo,Tishomingo
titus,Titus
toa alta municipio,Toa Alta Municipio
toa baja municipio,Toa Baja Municipio
todd,Todd
tolland,Tolland
tom green,Tom Green
tompkins,Tompkins
tooele,Tooele
toole,Toole
toombs,Toombs
torrance,Torrance
towner,Towner
towns,Towns
traill,Traill
transylvania,Transylvania
traverse,Traverse
travis,Travis
treasure,Treasure
trego,Trego
trempealeau,Trempealeau
treutlen,Treutlen
trigg,Trigg
trimble,Trimble
trinity,Trinity
tripp,Tripp
troup,Troup
trousdale,Trousdale
trujillo alto municipio,Trujillo Alto Municipio
trumbull,Trumbull
tucker,Tucker
tulare,Tulare
tulsa,Tulsa
tunica,Tunica
tuolumne,Tuolumne
turner,Turner
tuscaloosa,Tuscaloosa
tuscarawas,Tuscarawas
tuscola,Tuscola
twiggs,Twiggs
twin falls,Twin Falls
tyler,Tyler
tyrrell,Tyrrell
uinta,Uinta
uintah,Uintah
ulster,Ulster
umatilla,Umatilla
unicoi,Unicoi
union,Union
union parish,Union Parish
upshur,Upshur
upson,Upson
upton,Upton
utah,Utah
utuado municipio,Utuado Municipio
uvalde,Uvalde
val verde,Val Verde
valdez-cordova census area,Valdez-Cordova Census Area
valencia,Valencia
valley,Valley
van buren,Van Buren
van wert,Van Wert
van zandt,Van Zandt
vance,Vance
vanderburgh,Vanderburgh
vega alta municipio,Vega Alta Municipio
vega baja municipio,Vega Baja Municipio
venango,Venango
ventura,Ventura
vermilion,Vermilion
vermilion parish,Vermilion Parish
vermillion,Vermillion
vernon,Vernon
vernon parish,Vernon Parish
victoria,Victoria
vieques municipio,Vieques Municipio
vigo,Vigo
vilas,Vilas
villalba municipio,Villalba Municipio
vinton,Vinton
virginia beach city,Virginia Beach city
volusia,Volusia
wabash,Wabash
wabasha,Wabasha
wabaunsee,Wabaunsee
wade hampton census area,Wade Hampton Census Area
wadena,Wadena
wagoner,Wagoner
wahkiakum,Wahkiakum
wake,Wake
wakulla,Wakulla
waldo,Waldo
walker,Walker
walla walla,Walla Walla
wallace,Wallace
waller,Waller
wallowa,Wallowa
walsh,Walsh
walthall,Walthall
walton,Walton
walworth,Walworth
wapello,Wapello
ward,Ward
ware,Ware
warren,Warren
warrick,Warrick
wasatch,Wasatch
wasco,Wasco
waseca,Waseca
washakie,Washakie
washburn,Washburn
washington,Washington
washington parish,Washington Parish
washita,Washita
washoe,Washoe
washtenaw,Washtenaw
watauga,Watauga
watonwan,Watonwan
waukesha,Waukesha
waupaca,Waupaca
waushara,Waushara
wayne,Wayne
waynesboro city,Waynesboro city
weakley,Weakley
webb,Webb
weber,Weber
webster,Webster
webster parish,Webster Parish
weld,Weld
wells,Wells
west baton rouge parish,West Baton Rouge Parish
west carroll parish,West Carroll Parish
west feliciana parish,West Feliciana Parish
westchester,Westchester
western district,Western District
westmoreland,Westmoreland
weston,Weston
wetzel,Wetzel
wexford,Wexford
wharton,Wharton
whatcom,Whatcom
wheatland,Wheatland
wheeler,Wheeler
white,White
white pine,White Pine
whiteside,Whiteside
whitfield,Whitfield
whitley,Whitley
whitman,Whitman
wibaux,Wibaux
wichita,Wichita
wicomico,Wicomico
wilbarger,Wilbarger
wilcox,Wilcox
wilkes,Wilkes
wilkin,Wilkin
wilkinson,Wilkinson
will,Will
willacy,Willacy
williams,Williams
williamsburg,Williamsburg
williamsburg city,Williamsburg city
williamson,Williamson
wilson,Wilson
winchester city,Winchester city
windham,Windham
windsor,Windsor
winkler,Winkler
winn parish,Winn Parish
winnebago,Winnebago
winneshiek,Winneshiek
winona,Winona
winston,Winston
wirt,Wirt
wise,Wise
wolfe,Wolfe
wood,Wood
woodbury,Woodbury
woodford,Woodford
woodruff,Woodruff
woods,Woods
woodson,Woodson
woodward,Woodward
worcester,Worcester
worth,Worth
wrangell city and borough,Wrangell City and Borough
wright,Wright
wyandot,Wyandot
wyandotte,Wyandotte
wyoming,Wyoming
wythe,Wythe
yabucoa municipio,Yabucoa Municipio
yadkin,Yadkin
yakima,Yakima
yakutat city and borough,Yakutat City and Borough
yalobusha,Yalobusha
yamhill,Yamhill
yancey,Yancey
yankton,Yankton
yates,Yates
yauco municipio,Yauco Municipio
yavapai,Yavapai
yazoo,Yazoo
yell,Yell
yellow medicine,Yellow Medicine
yellowstone,Yellowstone
yoakum,Yoakum
yolo,Yolo
york,York
young,Young
yuba,Yuba
yukon-koyukuk census area,Yukon-Koyukuk Census Area
yuma,Yuma
zapata,Zapata
zavala,Zavala
ziebach,Ziebach
